id,a
1,0.17410652118678902
2,1.43821064197586
3,0.09481807744390501
4,-1.70735052285439
