id,b
4,1.5311799383813385
3,1.0203957873907807
2,0.22112500481307507
1,1.5901745594197754
